{
  "version": 1,
  "author": "Ristu Mactavish",
  "editor": "wokwi",
  "parts": [
    {
      "type": "wokwi-esp32-devkit-v1",
      "id": "esp",
      "top": -6.66,
      "left": -114,
      "rotate": 90,
      "attrs": {}
    },
    { "type": "wokwi-mpu6050", "id": "imu1", "top": -45.11, "left": 83.65, "attrs": {} },
    {
      "type": "wokwi-buzzer",
      "id": "bz1",
      "top": 40.8,
      "left": 89.8,
      "attrs": { "volume": "0.1" }
    },
    { "type": "wokwi-led", "id": "led1", "top": 125.06, "left": 157, "attrs": { "color": "red" } }
  ],
  "connections": [
    [ "esp:TX0", "$serialMonitor:RX", "", [] ],
    [ "esp:RX0", "$serialMonitor:TX", "", [] ],
    [ "imu1:VCC", "esp:VIN", "blue", [ "v-20.5", "h-237.22" ] ],
    [ "imu1:GND", "esp:GND.2", "black", [ "v74.16", "h-252.28" ] ],
    [ "imu1:SCL", "esp:D22", "red", [ "v-9.17", "h-154.02" ] ],
    [ "imu1:SDA", "esp:D21", "orange", [ "v-39.84", "h-158.42" ] ],
    [ "bz1:1", "esp:GND.1", "black", [ "v39.37", "h-222.63" ] ],
    [ "bz1:2", "esp:D2", "red", [ "v46.7", "h-217.3" ] ],
    [ "led1:C", "esp:GND.1", "black", [ "v39.35", "h-276.25" ] ],
    [ "led1:A", "esp:D5", "green", [ "v64.69", "h-230.25" ] ]
  ],
  "dependencies": {}
}